date,name,interest
2014-01-01,장동건,13
2014-02-01,장동건,8
2014-03-01,장동건,9
2014-04-01,장동건,6
2014-05-01,장동건,8
2014-06-01,장동건,6
2014-07-01,장동건,6
2014-08-01,장동건,4
2014-09-01,장동건,10
2014-10-01,장동건,7
2014-11-01,장동건,7
2014-12-01,장동건,7
2015-01-01,장동건,6
2015-02-01,장동건,10
2015-03-01,장동건,6
2015-04-01,장동건,4
2015-05-01,장동건,6
2015-06-01,장동건,5
2015-07-01,장동건,7
2015-08-01,장동건,6
2015-09-01,장동건,7
2015-10-01,장동건,6
2015-11-01,장동건,5
2015-12-01,장동건,6
2016-01-01,장동건,7
2016-02-01,장동건,6
2016-03-01,장동건,4
2016-04-01,장동건,6
2016-05-01,장동건,5
2016-06-01,장동건,5
2016-07-01,장동건,5
2016-08-01,장동건,5
2016-09-01,장동건,5
2016-10-01,장동건,5
2016-11-01,장동건,4
2016-12-01,장동건,4
2017-01-01,장동건,4
2017-02-01,장동건,4
2017-03-01,장동건,11
2017-04-01,장동건,5
2017-05-01,장동건,5
2017-06-01,장동건,5
2017-07-01,장동건,4
2017-08-01,장동건,5
2017-09-01,장동건,4
2017-10-01,장동건,5
2017-11-01,장동건,2
2017-12-01,장동건,4
2018-01-01,장동건,4
2018-02-01,장동건,4
2018-03-01,장동건,8
2018-04-01,장동건,9
2018-05-01,장동건,7
2018-06-01,장동건,5
2018-07-01,장동건,4
2018-08-01,장동건,3
2018-09-01,장동건,5
2018-10-01,장동건,6
2018-11-01,장동건,6
2018-12-01,장동건,5
2019-01-01,장동건,4
2019-02-01,장동건,5
2019-03-01,장동건,5
2019-04-01,장동건,3
2019-05-01,장동건,4
2019-06-01,장동건,7
2019-07-01,장동건,4
2019-08-01,장동건,4
2019-09-01,장동건,4
2019-10-01,장동건,4
2019-11-01,장동건,5
2019-12-01,장동건,5
2020-01-01,장동건,100
2020-02-01,장동건,9
2020-03-01,장동건,6
2020-04-01,장동건,4
2020-05-01,장동건,3
2020-06-01,장동건,3
2020-07-01,장동건,3
2020-08-01,장동건,4
2020-09-01,장동건,4
2020-10-01,장동건,4
2020-11-01,장동건,3
2020-12-01,장동건,4
2021-01-01,장동건,4
2021-02-01,장동건,3
2021-03-01,장동건,5
2021-04-01,장동건,3
2021-05-01,장동건,5
2021-06-01,장동건,3
2021-07-01,장동건,3
2021-08-01,장동건,3
2021-09-01,장동건,5
2021-10-01,장동건,4
2021-11-01,장동건,4
2021-12-01,장동건,4
2022-01-01,장동건,3
2022-02-01,장동건,4
2022-03-01,장동건,5
2022-04-01,장동건,4
2022-05-01,장동건,3
2022-06-01,장동건,4
2022-07-01,장동건,4
2022-08-01,장동건,4
2022-09-01,장동건,4
2022-10-01,장동건,5
2022-11-01,장동건,4
2022-12-01,장동건,3
2023-01-01,장동건,6
2023-02-01,장동건,2
2023-03-01,장동건,3
2023-04-01,장동건,3
2023-05-01,장동건,2
2023-06-01,장동건,3
2023-07-01,장동건,2
2023-08-01,장동건,3
2023-09-01,장동건,3
2023-10-01,장동건,4
2023-11-01,장동건,3
2023-12-01,장동건,2
2024-01-01,장동건,2
2024-02-01,장동건,2
2024-03-01,장동건,3
2024-04-01,장동건,1
2024-05-01,장동건,1
2024-06-01,장동건,2
2024-07-01,장동건,2
2024-08-01,장동건,3
2024-09-01,장동건,4
2024-10-01,장동건,7
2024-11-01,장동건,5
2024-12-01,장동건,2
2025-01-01,장동건,2
2025-02-01,장동건,2
2025-03-01,장동건,2
2025-04-01,장동건,3
2025-05-01,장동건,3
2014-01-01,육성재 BTOB,0
2014-02-01,육성재 BTOB,0
2014-03-01,육성재 BTOB,0
2014-04-01,육성재 BTOB,0
2014-05-01,육성재 BTOB,0
2014-06-01,육성재 BTOB,0
2014-07-01,육성재 BTOB,0
2014-08-01,육성재 BTOB,0
2014-09-01,육성재 BTOB,0
2014-10-01,육성재 BTOB,0
2014-11-01,육성재 BTOB,0
2014-12-01,육성재 BTOB,0
2015-01-01,육성재 BTOB,0
2015-02-01,육성재 BTOB,0
2015-03-01,육성재 BTOB,0
2015-04-01,육성재 BTOB,0
2015-05-01,육성재 BTOB,0
2015-06-01,육성재 BTOB,0
2015-07-01,육성재 BTOB,0
2015-08-01,육성재 BTOB,0
2015-09-01,육성재 BTOB,0
2015-10-01,육성재 BTOB,0
2015-11-01,육성재 BTOB,0
2015-12-01,육성재 BTOB,0
2016-01-01,육성재 BTOB,0
2016-02-01,육성재 BTOB,0
2016-03-01,육성재 BTOB,0
2016-04-01,육성재 BTOB,0
2016-05-01,육성재 BTOB,0
2016-06-01,육성재 BTOB,0
2016-07-01,육성재 BTOB,0
2016-08-01,육성재 BTOB,0
2016-09-01,육성재 BTOB,0
2016-10-01,육성재 BTOB,0
2016-11-01,육성재 BTOB,0
2016-12-01,육성재 BTOB,0
2017-01-01,육성재 BTOB,0
2017-02-01,육성재 BTOB,0
2017-03-01,육성재 BTOB,0
2017-04-01,육성재 BTOB,0
2017-05-01,육성재 BTOB,0
2017-06-01,육성재 BTOB,0
2017-07-01,육성재 BTOB,0
2017-08-01,육성재 BTOB,0
2017-09-01,육성재 BTOB,0
2017-10-01,육성재 BTOB,0
2017-11-01,육성재 BTOB,0
2017-12-01,육성재 BTOB,0
2018-01-01,육성재 BTOB,0
2018-02-01,육성재 BTOB,0
2018-03-01,육성재 BTOB,0
2018-04-01,육성재 BTOB,0
2018-05-01,육성재 BTOB,0
2018-06-01,육성재 BTOB,0
2018-07-01,육성재 BTOB,0
2018-08-01,육성재 BTOB,0
2018-09-01,육성재 BTOB,0
2018-10-01,육성재 BTOB,0
2018-11-01,육성재 BTOB,0
2018-12-01,육성재 BTOB,0
2019-01-01,육성재 BTOB,0
2019-02-01,육성재 BTOB,0
2019-03-01,육성재 BTOB,0
2019-04-01,육성재 BTOB,0
2019-05-01,육성재 BTOB,0
2019-06-01,육성재 BTOB,0
2019-07-01,육성재 BTOB,0
2019-08-01,육성재 BTOB,0
2019-09-01,육성재 BTOB,0
2019-10-01,육성재 BTOB,0
2019-11-01,육성재 BTOB,0
2019-12-01,육성재 BTOB,0
2020-01-01,육성재 BTOB,0
2020-02-01,육성재 BTOB,0
2020-03-01,육성재 BTOB,0
2020-04-01,육성재 BTOB,0
2020-05-01,육성재 BTOB,0
2020-06-01,육성재 BTOB,0
2020-07-01,육성재 BTOB,0
2020-08-01,육성재 BTOB,0
2020-09-01,육성재 BTOB,0
2020-10-01,육성재 BTOB,0
2020-11-01,육성재 BTOB,0
2020-12-01,육성재 BTOB,0
2021-01-01,육성재 BTOB,0
2021-02-01,육성재 BTOB,0
2021-03-01,육성재 BTOB,0
2021-04-01,육성재 BTOB,0
2021-05-01,육성재 BTOB,0
2021-06-01,육성재 BTOB,0
2021-07-01,육성재 BTOB,0
2021-08-01,육성재 BTOB,0
2021-09-01,육성재 BTOB,0
2021-10-01,육성재 BTOB,0
2021-11-01,육성재 BTOB,0
2021-12-01,육성재 BTOB,0
2022-01-01,육성재 BTOB,0
2022-02-01,육성재 BTOB,0
2022-03-01,육성재 BTOB,0
2022-04-01,육성재 BTOB,0
2022-05-01,육성재 BTOB,0
2022-06-01,육성재 BTOB,0
2022-07-01,육성재 BTOB,0
2022-08-01,육성재 BTOB,0
2022-09-01,육성재 BTOB,0
2022-10-01,육성재 BTOB,0
2022-11-01,육성재 BTOB,0
2022-12-01,육성재 BTOB,0
2023-01-01,육성재 BTOB,0
2023-02-01,육성재 BTOB,0
2023-03-01,육성재 BTOB,0
2023-04-01,육성재 BTOB,0
2023-05-01,육성재 BTOB,0
2023-06-01,육성재 BTOB,0
2023-07-01,육성재 BTOB,0
2023-08-01,육성재 BTOB,0
2023-09-01,육성재 BTOB,0
2023-10-01,육성재 BTOB,0
2023-11-01,육성재 BTOB,0
2023-12-01,육성재 BTOB,0
2024-01-01,육성재 BTOB,0
2024-02-01,육성재 BTOB,0
2024-03-01,육성재 BTOB,0
2024-04-01,육성재 BTOB,0
2024-05-01,육성재 BTOB,0
2024-06-01,육성재 BTOB,0
2024-07-01,육성재 BTOB,0
2024-08-01,육성재 BTOB,0
2024-09-01,육성재 BTOB,0
2024-10-01,육성재 BTOB,0
2024-11-01,육성재 BTOB,0
2024-12-01,육성재 BTOB,0
2025-01-01,육성재 BTOB,0
2025-02-01,육성재 BTOB,0
2025-03-01,육성재 BTOB,0
2025-04-01,육성재 BTOB,0
2025-05-01,육성재 BTOB,0
2014-01-01,지효 트와이스,0
2014-02-01,지효 트와이스,0
2014-03-01,지효 트와이스,0
2014-04-01,지효 트와이스,0
2014-05-01,지효 트와이스,0
2014-06-01,지효 트와이스,0
2014-07-01,지효 트와이스,0
2014-08-01,지효 트와이스,0
2014-09-01,지효 트와이스,0
2014-10-01,지효 트와이스,0
2014-11-01,지효 트와이스,0
2014-12-01,지효 트와이스,0
2015-01-01,지효 트와이스,0
2015-02-01,지효 트와이스,0
2015-03-01,지효 트와이스,0
2015-04-01,지효 트와이스,0
2015-05-01,지효 트와이스,0
2015-06-01,지효 트와이스,0
2015-07-01,지효 트와이스,0
2015-08-01,지효 트와이스,0
2015-09-01,지효 트와이스,0
2015-10-01,지효 트와이스,0
2015-11-01,지효 트와이스,0
2015-12-01,지효 트와이스,0
2016-01-01,지효 트와이스,2
2016-02-01,지효 트와이스,0
2016-03-01,지효 트와이스,0
2016-04-01,지효 트와이스,0
2016-05-01,지효 트와이스,0
2016-06-01,지효 트와이스,0
2016-07-01,지효 트와이스,2
2016-08-01,지효 트와이스,0
2016-09-01,지효 트와이스,0
2016-10-01,지효 트와이스,0
2016-11-01,지효 트와이스,0
2016-12-01,지효 트와이스,3
2017-01-01,지효 트와이스,3
2017-02-01,지효 트와이스,0
2017-03-01,지효 트와이스,3
2017-04-01,지효 트와이스,0
2017-05-01,지효 트와이스,3
2017-06-01,지효 트와이스,0
2017-07-01,지효 트와이스,0
2017-08-01,지효 트와이스,0
2017-09-01,지효 트와이스,0
2017-10-01,지효 트와이스,0
2017-11-01,지효 트와이스,0
2017-12-01,지효 트와이스,3
2018-01-01,지효 트와이스,3
2018-02-01,지효 트와이스,0
2018-03-01,지효 트와이스,2
2018-04-01,지효 트와이스,3
2018-05-01,지효 트와이스,3
2018-06-01,지효 트와이스,3
2018-07-01,지효 트와이스,5
2018-08-01,지효 트와이스,3
2018-09-01,지효 트와이스,0
2018-10-01,지효 트와이스,2
2018-11-01,지효 트와이스,4
2018-12-01,지효 트와이스,7
2019-01-01,지효 트와이스,4
2019-02-01,지효 트와이스,2
2019-03-01,지효 트와이스,43
2019-04-01,지효 트와이스,5
2019-05-01,지효 트와이스,2
2019-06-01,지효 트와이스,2
2019-07-01,지효 트와이스,3
2019-08-01,지효 트와이스,5
2019-09-01,지효 트와이스,0
2019-10-01,지효 트와이스,0
2019-11-01,지효 트와이스,0
2019-12-01,지효 트와이스,0
2020-01-01,지효 트와이스,2
2020-02-01,지효 트와이스,1
2020-03-01,지효 트와이스,2
2020-04-01,지효 트와이스,0
2020-05-01,지효 트와이스,0
2020-06-01,지효 트와이스,2
2020-07-01,지효 트와이스,0
2020-08-01,지효 트와이스,0
2020-09-01,지효 트와이스,0
2020-10-01,지효 트와이스,0
2020-11-01,지효 트와이스,1
2020-12-01,지효 트와이스,0
2021-01-01,지효 트와이스,0
2021-02-01,지효 트와이스,0
2021-03-01,지효 트와이스,0
2021-04-01,지효 트와이스,0
2021-05-01,지효 트와이스,0
2021-06-01,지효 트와이스,0
2021-07-01,지효 트와이스,0
2021-08-01,지효 트와이스,0
2021-09-01,지효 트와이스,0
2021-10-01,지효 트와이스,0
2021-11-01,지효 트와이스,0
2021-12-01,지효 트와이스,1
2022-01-01,지효 트와이스,0
2022-02-01,지효 트와이스,0
2022-03-01,지효 트와이스,0
2022-04-01,지효 트와이스,0
2022-05-01,지효 트와이스,0
2022-06-01,지효 트와이스,0
2022-07-01,지효 트와이스,1
2022-08-01,지효 트와이스,2
2022-09-01,지효 트와이스,1
2022-10-01,지효 트와이스,0
2022-11-01,지효 트와이스,0
2022-12-01,지효 트와이스,0
2023-01-01,지효 트와이스,0
2023-02-01,지효 트와이스,0
2023-03-01,지효 트와이스,0
2023-04-01,지효 트와이스,0
2023-05-01,지효 트와이스,0
2023-06-01,지효 트와이스,1
2023-07-01,지효 트와이스,0
2023-08-01,지효 트와이스,2
2023-09-01,지효 트와이스,0
2023-10-01,지효 트와이스,0
2023-11-01,지효 트와이스,0
2023-12-01,지효 트와이스,0
2024-01-01,지효 트와이스,0
2024-02-01,지효 트와이스,0
2024-03-01,지효 트와이스,2
2024-04-01,지효 트와이스,0
2024-05-01,지효 트와이스,0
2024-06-01,지효 트와이스,0
2024-07-01,지효 트와이스,1
2024-08-01,지효 트와이스,0
2024-09-01,지효 트와이스,0
2024-10-01,지효 트와이스,1
2024-11-01,지효 트와이스,0
2024-12-01,지효 트와이스,0
2025-01-01,지효 트와이스,0
2025-02-01,지효 트와이스,0
2025-03-01,지효 트와이스,0
2025-04-01,지효 트와이스,0
2025-05-01,지효 트와이스,0
2014-01-01,슈가 방탄소년단,0
2014-02-01,슈가 방탄소년단,0
2014-03-01,슈가 방탄소년단,0
2014-04-01,슈가 방탄소년단,0
2014-05-01,슈가 방탄소년단,0
2014-06-01,슈가 방탄소년단,0
2014-07-01,슈가 방탄소년단,0
2014-08-01,슈가 방탄소년단,0
2014-09-01,슈가 방탄소년단,0
2014-10-01,슈가 방탄소년단,0
2014-11-01,슈가 방탄소년단,0
2014-12-01,슈가 방탄소년단,0
2015-01-01,슈가 방탄소년단,0
2015-02-01,슈가 방탄소년단,0
2015-03-01,슈가 방탄소년단,0
2015-04-01,슈가 방탄소년단,0
2015-05-01,슈가 방탄소년단,0
2015-06-01,슈가 방탄소년단,0
2015-07-01,슈가 방탄소년단,0
2015-08-01,슈가 방탄소년단,0
2015-09-01,슈가 방탄소년단,0
2015-10-01,슈가 방탄소년단,0
2015-11-01,슈가 방탄소년단,0
2015-12-01,슈가 방탄소년단,0
2016-01-01,슈가 방탄소년단,0
2016-02-01,슈가 방탄소년단,0
2016-03-01,슈가 방탄소년단,0
2016-04-01,슈가 방탄소년단,0
2016-05-01,슈가 방탄소년단,0
2016-06-01,슈가 방탄소년단,0
2016-07-01,슈가 방탄소년단,0
2016-08-01,슈가 방탄소년단,0
2016-09-01,슈가 방탄소년단,0
2016-10-01,슈가 방탄소년단,0
2016-11-01,슈가 방탄소년단,0
2016-12-01,슈가 방탄소년단,0
2017-01-01,슈가 방탄소년단,0
2017-02-01,슈가 방탄소년단,0
2017-03-01,슈가 방탄소년단,0
2017-04-01,슈가 방탄소년단,0
2017-05-01,슈가 방탄소년단,0
2017-06-01,슈가 방탄소년단,0
2017-07-01,슈가 방탄소년단,0
2017-08-01,슈가 방탄소년단,0
2017-09-01,슈가 방탄소년단,0
2017-10-01,슈가 방탄소년단,0
2017-11-01,슈가 방탄소년단,0
2017-12-01,슈가 방탄소년단,0
2018-01-01,슈가 방탄소년단,0
2018-02-01,슈가 방탄소년단,0
2018-03-01,슈가 방탄소년단,0
2018-04-01,슈가 방탄소년단,0
2018-05-01,슈가 방탄소년단,0
2018-06-01,슈가 방탄소년단,0
2018-07-01,슈가 방탄소년단,0
2018-08-01,슈가 방탄소년단,0
2018-09-01,슈가 방탄소년단,0
2018-10-01,슈가 방탄소년단,0
2018-11-01,슈가 방탄소년단,0
2018-12-01,슈가 방탄소년단,0
2019-01-01,슈가 방탄소년단,0
2019-02-01,슈가 방탄소년단,0
2019-03-01,슈가 방탄소년단,0
2019-04-01,슈가 방탄소년단,0
2019-05-01,슈가 방탄소년단,0
2019-06-01,슈가 방탄소년단,0
2019-07-01,슈가 방탄소년단,0
2019-08-01,슈가 방탄소년단,0
2019-09-01,슈가 방탄소년단,0
2019-10-01,슈가 방탄소년단,0
2019-11-01,슈가 방탄소년단,0
2019-12-01,슈가 방탄소년단,0
2020-01-01,슈가 방탄소년단,0
2020-02-01,슈가 방탄소년단,0
2020-03-01,슈가 방탄소년단,0
2020-04-01,슈가 방탄소년단,0
2020-05-01,슈가 방탄소년단,0
2020-06-01,슈가 방탄소년단,0
2020-07-01,슈가 방탄소년단,0
2020-08-01,슈가 방탄소년단,0
2020-09-01,슈가 방탄소년단,0
2020-10-01,슈가 방탄소년단,0
2020-11-01,슈가 방탄소년단,0
2020-12-01,슈가 방탄소년단,0
2021-01-01,슈가 방탄소년단,0
2021-02-01,슈가 방탄소년단,0
2021-03-01,슈가 방탄소년단,1
2021-04-01,슈가 방탄소년단,0
2021-05-01,슈가 방탄소년단,0
2021-06-01,슈가 방탄소년단,0
2021-07-01,슈가 방탄소년단,0
2021-08-01,슈가 방탄소년단,0
2021-09-01,슈가 방탄소년단,0
2021-10-01,슈가 방탄소년단,0
2021-11-01,슈가 방탄소년단,0
2021-12-01,슈가 방탄소년단,0
2022-01-01,슈가 방탄소년단,0
2022-02-01,슈가 방탄소년단,0
2022-03-01,슈가 방탄소년단,0
2022-04-01,슈가 방탄소년단,0
2022-05-01,슈가 방탄소년단,0
2022-06-01,슈가 방탄소년단,0
2022-07-01,슈가 방탄소년단,0
2022-08-01,슈가 방탄소년단,0
2022-09-01,슈가 방탄소년단,0
2022-10-01,슈가 방탄소년단,0
2022-11-01,슈가 방탄소년단,0
2022-12-01,슈가 방탄소년단,0
2023-01-01,슈가 방탄소년단,0
2023-02-01,슈가 방탄소년단,0
2023-03-01,슈가 방탄소년단,0
2023-04-01,슈가 방탄소년단,0
2023-05-01,슈가 방탄소년단,0
2023-06-01,슈가 방탄소년단,0
2023-07-01,슈가 방탄소년단,0
2023-08-01,슈가 방탄소년단,0
2023-09-01,슈가 방탄소년단,0
2023-10-01,슈가 방탄소년단,0
2023-11-01,슈가 방탄소년단,0
2023-12-01,슈가 방탄소년단,0
2024-01-01,슈가 방탄소년단,0
2024-02-01,슈가 방탄소년단,0
2024-03-01,슈가 방탄소년단,0
2024-04-01,슈가 방탄소년단,0
2024-05-01,슈가 방탄소년단,0
2024-06-01,슈가 방탄소년단,0
2024-07-01,슈가 방탄소년단,0
2024-08-01,슈가 방탄소년단,1
2024-09-01,슈가 방탄소년단,0
2024-10-01,슈가 방탄소년단,0
2024-11-01,슈가 방탄소년단,0
2024-12-01,슈가 방탄소년단,0
2025-01-01,슈가 방탄소년단,0
2025-02-01,슈가 방탄소년단,0
2025-03-01,슈가 방탄소년단,0
2025-04-01,슈가 방탄소년단,0
2025-05-01,슈가 방탄소년단,0
2014-01-01,택연 2PM,0
2014-02-01,택연 2PM,0
2014-03-01,택연 2PM,0
2014-04-01,택연 2PM,0
2014-05-01,택연 2PM,0
2014-06-01,택연 2PM,0
2014-07-01,택연 2PM,0
2014-08-01,택연 2PM,0
2014-09-01,택연 2PM,0
2014-10-01,택연 2PM,0
2014-11-01,택연 2PM,0
2014-12-01,택연 2PM,0
2015-01-01,택연 2PM,0
2015-02-01,택연 2PM,0
2015-03-01,택연 2PM,0
2015-04-01,택연 2PM,0
2015-05-01,택연 2PM,0
2015-06-01,택연 2PM,0
2015-07-01,택연 2PM,0
2015-08-01,택연 2PM,0
2015-09-01,택연 2PM,0
2015-10-01,택연 2PM,0
2015-11-01,택연 2PM,0
2015-12-01,택연 2PM,0
2016-01-01,택연 2PM,0
2016-02-01,택연 2PM,0
2016-03-01,택연 2PM,0
2016-04-01,택연 2PM,0
2016-05-01,택연 2PM,0
2016-06-01,택연 2PM,0
2016-07-01,택연 2PM,0
2016-08-01,택연 2PM,0
2016-09-01,택연 2PM,0
2016-10-01,택연 2PM,0
2016-11-01,택연 2PM,0
2016-12-01,택연 2PM,0
2017-01-01,택연 2PM,0
2017-02-01,택연 2PM,0
2017-03-01,택연 2PM,0
2017-04-01,택연 2PM,0
2017-05-01,택연 2PM,0
2017-06-01,택연 2PM,0
2017-07-01,택연 2PM,0
2017-08-01,택연 2PM,0
2017-09-01,택연 2PM,0
2017-10-01,택연 2PM,0
2017-11-01,택연 2PM,0
2017-12-01,택연 2PM,0
2018-01-01,택연 2PM,0
2018-02-01,택연 2PM,0
2018-03-01,택연 2PM,0
2018-04-01,택연 2PM,0
2018-05-01,택연 2PM,0
2018-06-01,택연 2PM,0
2018-07-01,택연 2PM,0
2018-08-01,택연 2PM,0
2018-09-01,택연 2PM,0
2018-10-01,택연 2PM,0
2018-11-01,택연 2PM,0
2018-12-01,택연 2PM,0
2019-01-01,택연 2PM,0
2019-02-01,택연 2PM,0
2019-03-01,택연 2PM,0
2019-04-01,택연 2PM,0
2019-05-01,택연 2PM,0
2019-06-01,택연 2PM,0
2019-07-01,택연 2PM,0
2019-08-01,택연 2PM,0
2019-09-01,택연 2PM,0
2019-10-01,택연 2PM,0
2019-11-01,택연 2PM,0
2019-12-01,택연 2PM,0
2020-01-01,택연 2PM,0
2020-02-01,택연 2PM,0
2020-03-01,택연 2PM,0
2020-04-01,택연 2PM,0
2020-05-01,택연 2PM,0
2020-06-01,택연 2PM,0
2020-07-01,택연 2PM,0
2020-08-01,택연 2PM,0
2020-09-01,택연 2PM,0
2020-10-01,택연 2PM,0
2020-11-01,택연 2PM,0
2020-12-01,택연 2PM,0
2021-01-01,택연 2PM,0
2021-02-01,택연 2PM,0
2021-03-01,택연 2PM,0
2021-04-01,택연 2PM,0
2021-05-01,택연 2PM,0
2021-06-01,택연 2PM,0
2021-07-01,택연 2PM,0
2021-08-01,택연 2PM,0
2021-09-01,택연 2PM,0
2021-10-01,택연 2PM,0
2021-11-01,택연 2PM,0
2021-12-01,택연 2PM,0
2022-01-01,택연 2PM,0
2022-02-01,택연 2PM,0
2022-03-01,택연 2PM,0
2022-04-01,택연 2PM,0
2022-05-01,택연 2PM,0
2022-06-01,택연 2PM,0
2022-07-01,택연 2PM,0
2022-08-01,택연 2PM,0
2022-09-01,택연 2PM,0
2022-10-01,택연 2PM,0
2022-11-01,택연 2PM,0
2022-12-01,택연 2PM,0
2023-01-01,택연 2PM,0
2023-02-01,택연 2PM,0
2023-03-01,택연 2PM,0
2023-04-01,택연 2PM,0
2023-05-01,택연 2PM,0
2023-06-01,택연 2PM,0
2023-07-01,택연 2PM,0
2023-08-01,택연 2PM,0
2023-09-01,택연 2PM,0
2023-10-01,택연 2PM,0
2023-11-01,택연 2PM,0
2023-12-01,택연 2PM,0
2024-01-01,택연 2PM,0
2024-02-01,택연 2PM,0
2024-03-01,택연 2PM,0
2024-04-01,택연 2PM,0
2024-05-01,택연 2PM,0
2024-06-01,택연 2PM,0
2024-07-01,택연 2PM,0
2024-08-01,택연 2PM,0
2024-09-01,택연 2PM,0
2024-10-01,택연 2PM,0
2024-11-01,택연 2PM,0
2024-12-01,택연 2PM,0
2025-01-01,택연 2PM,0
2025-02-01,택연 2PM,0
2025-03-01,택연 2PM,0
2025-04-01,택연 2PM,0
2025-05-01,택연 2PM,0
2014-01-01,장동건,2
2014-02-01,장동건,1
2014-03-01,장동건,1
2014-04-01,장동건,1
2014-05-01,장동건,1
2014-06-01,장동건,1
2014-07-01,장동건,1
2014-08-01,장동건,0
2014-09-01,장동건,1
2014-10-01,장동건,1
2014-11-01,장동건,1
2014-12-01,장동건,1
2015-01-01,장동건,1
2015-02-01,장동건,1
2015-03-01,장동건,1
2015-04-01,장동건,1
2015-05-01,장동건,1
2015-06-01,장동건,1
2015-07-01,장동건,1
2015-08-01,장동건,1
2015-09-01,장동건,1
2015-10-01,장동건,1
2015-11-01,장동건,1
2015-12-01,장동건,1
2016-01-01,장동건,1
2016-02-01,장동건,1
2016-03-01,장동건,1
2016-04-01,장동건,1
2016-05-01,장동건,1
2016-06-01,장동건,1
2016-07-01,장동건,1
2016-08-01,장동건,1
2016-09-01,장동건,1
2016-10-01,장동건,1
2016-11-01,장동건,1
2016-12-01,장동건,1
2017-01-01,장동건,1
2017-02-01,장동건,0
2017-03-01,장동건,1
2017-04-01,장동건,1
2017-05-01,장동건,1
2017-06-01,장동건,1
2017-07-01,장동건,1
2017-08-01,장동건,1
2017-09-01,장동건,1
2017-10-01,장동건,1
2017-11-01,장동건,0
2017-12-01,장동건,1
2018-01-01,장동건,1
2018-02-01,장동건,0
2018-03-01,장동건,1
2018-04-01,장동건,1
2018-05-01,장동건,1
2018-06-01,장동건,1
2018-07-01,장동건,0
2018-08-01,장동건,0
2018-09-01,장동건,1
2018-10-01,장동건,1
2018-11-01,장동건,1
2018-12-01,장동건,1
2019-01-01,장동건,0
2019-02-01,장동건,1
2019-03-01,장동건,1
2019-04-01,장동건,0
2019-05-01,장동건,0
2019-06-01,장동건,1
2019-07-01,장동건,1
2019-08-01,장동건,1
2019-09-01,장동건,1
2019-10-01,장동건,1
2019-11-01,장동건,1
2019-12-01,장동건,1
2020-01-01,장동건,13
2020-02-01,장동건,1
2020-03-01,장동건,1
2020-04-01,장동건,1
2020-05-01,장동건,0
2020-06-01,장동건,0
2020-07-01,장동건,0
2020-08-01,장동건,0
2020-09-01,장동건,0
2020-10-01,장동건,1
2020-11-01,장동건,0
2020-12-01,장동건,1
2021-01-01,장동건,1
2021-02-01,장동건,0
2021-03-01,장동건,1
2021-04-01,장동건,0
2021-05-01,장동건,1
2021-06-01,장동건,0
2021-07-01,장동건,0
2021-08-01,장동건,0
2021-09-01,장동건,1
2021-10-01,장동건,0
2021-11-01,장동건,1
2021-12-01,장동건,1
2022-01-01,장동건,0
2022-02-01,장동건,1
2022-03-01,장동건,1
2022-04-01,장동건,1
2022-05-01,장동건,0
2022-06-01,장동건,0
2022-07-01,장동건,1
2022-08-01,장동건,0
2022-09-01,장동건,1
2022-10-01,장동건,1
2022-11-01,장동건,1
2022-12-01,장동건,0
2023-01-01,장동건,1
2023-02-01,장동건,0
2023-03-01,장동건,0
2023-04-01,장동건,0
2023-05-01,장동건,0
2023-06-01,장동건,0
2023-07-01,장동건,0
2023-08-01,장동건,0
2023-09-01,장동건,0
2023-10-01,장동건,0
2023-11-01,장동건,0
2023-12-01,장동건,0
2024-01-01,장동건,0
2024-02-01,장동건,0
2024-03-01,장동건,0
2024-04-01,장동건,0
2024-05-01,장동건,0
2024-06-01,장동건,0
2024-07-01,장동건,0
2024-08-01,장동건,0
2024-09-01,장동건,1
2024-10-01,장동건,1
2024-11-01,장동건,1
2024-12-01,장동건,0
2025-01-01,장동건,0
2025-02-01,장동건,0
2025-03-01,장동건,0
2025-04-01,장동건,0
2025-05-01,장동건,0
2014-01-01,김수현,32
2014-02-01,김수현,25
2014-03-01,김수현,18
2014-04-01,김수현,11
2014-05-01,김수현,9
2014-06-01,김수현,8
2014-07-01,김수현,5
2014-08-01,김수현,6
2014-09-01,김수현,4
2014-10-01,김수현,4
2014-11-01,김수현,4
2014-12-01,김수현,5
2015-01-01,김수현,5
2015-02-01,김수현,4
2015-03-01,김수현,4
2015-04-01,김수현,5
2015-05-01,김수현,7
2015-06-01,김수현,10
2015-07-01,김수현,6
2015-08-01,김수현,4
2015-09-01,김수현,4
2015-10-01,김수현,4
2015-11-01,김수현,3
2015-12-01,김수현,3
2016-01-01,김수현,3
2016-02-01,김수현,3
2016-03-01,김수현,2
2016-04-01,김수현,3
2016-05-01,김수현,2
2016-06-01,김수현,2
2016-07-01,김수현,2
2016-08-01,김수현,2
2016-09-01,김수현,2
2016-10-01,김수현,2
2016-11-01,김수현,2
2016-12-01,김수현,2
2017-01-01,김수현,1
2017-02-01,김수현,2
2017-03-01,김수현,1
2017-04-01,김수현,1
2017-05-01,김수현,2
2017-06-01,김수현,6
2017-07-01,김수현,6
2017-08-01,김수현,2
2017-09-01,김수현,2
2017-10-01,김수현,2
2017-11-01,김수현,2
2017-12-01,김수현,2
2018-01-01,김수현,2
2018-02-01,김수현,1
2018-03-01,김수현,1
2018-04-01,김수현,2
2018-05-01,김수현,1
2018-06-01,김수현,2
2018-07-01,김수현,2
2018-08-01,김수현,2
2018-09-01,김수현,2
2018-10-01,김수현,2
2018-11-01,김수현,3
2018-12-01,김수현,1
2019-01-01,김수현,2
2019-02-01,김수현,1
2019-03-01,김수현,1
2019-04-01,김수현,1
2019-05-01,김수현,1
2019-06-01,김수현,1
2019-07-01,김수현,2
2019-08-01,김수현,2
2019-09-01,김수현,2
2019-10-01,김수현,1
2019-11-01,김수현,1
2019-12-01,김수현,2
2020-01-01,김수현,2
2020-02-01,김수현,2
2020-03-01,김수현,1
2020-04-01,김수현,1
2020-05-01,김수현,1
2020-06-01,김수현,4
2020-07-01,김수현,6
2020-08-01,김수현,4
2020-09-01,김수현,2
2020-10-01,김수현,2
2020-11-01,김수현,2
2020-12-01,김수현,2
2021-01-01,김수현,2
2021-02-01,김수현,2
2021-03-01,김수현,1
2021-04-01,김수현,4
2021-05-01,김수현,1
2021-06-01,김수현,1
2021-07-01,김수현,1
2021-08-01,김수현,1
2021-09-01,김수현,2
2021-10-01,김수현,1
2021-11-01,김수현,2
2021-12-01,김수현,2
2022-01-01,김수현,1
2022-02-01,김수현,2
2022-03-01,김수현,1
2022-04-01,김수현,1
2022-05-01,김수현,1
2022-06-01,김수현,1
2022-07-01,김수현,1
2022-08-01,김수현,1
2022-09-01,김수현,1
2022-10-01,김수현,1
2022-11-01,김수현,1
2022-12-01,김수현,1
2023-01-01,김수현,1
2023-02-01,김수현,1
2023-03-01,김수현,1
2023-04-01,김수현,1
2023-05-01,김수현,1
2023-06-01,김수현,1
2023-07-01,김수현,1
2023-08-01,김수현,1
2023-09-01,김수현,1
2023-10-01,김수현,1
2023-11-01,김수현,1
2023-12-01,김수현,1
2024-01-01,김수현,1
2024-02-01,김수현,1
2024-03-01,김수현,13
2024-04-01,김수현,10
2024-05-01,김수현,6
2024-06-01,김수현,5
2024-07-01,김수현,4
2024-08-01,김수현,3
2024-09-01,김수현,2
2024-10-01,김수현,2
2024-11-01,김수현,2
2024-12-01,김수현,2
2025-01-01,김수현,3
2025-02-01,김수현,6
2025-03-01,김수현,100
2025-04-01,김수현,13
2025-05-01,김수현,10
2014-01-01,정원 엔하이픈,0
2014-02-01,정원 엔하이픈,0
2014-03-01,정원 엔하이픈,0
2014-04-01,정원 엔하이픈,0
2014-05-01,정원 엔하이픈,0
2014-06-01,정원 엔하이픈,0
2014-07-01,정원 엔하이픈,0
2014-08-01,정원 엔하이픈,0
2014-09-01,정원 엔하이픈,0
2014-10-01,정원 엔하이픈,0
2014-11-01,정원 엔하이픈,0
2014-12-01,정원 엔하이픈,0
2015-01-01,정원 엔하이픈,0
2015-02-01,정원 엔하이픈,0
2015-03-01,정원 엔하이픈,0
2015-04-01,정원 엔하이픈,0
2015-05-01,정원 엔하이픈,0
2015-06-01,정원 엔하이픈,0
2015-07-01,정원 엔하이픈,0
2015-08-01,정원 엔하이픈,0
2015-09-01,정원 엔하이픈,0
2015-10-01,정원 엔하이픈,0
2015-11-01,정원 엔하이픈,0
2015-12-01,정원 엔하이픈,0
2016-01-01,정원 엔하이픈,0
2016-02-01,정원 엔하이픈,0
2016-03-01,정원 엔하이픈,0
2016-04-01,정원 엔하이픈,0
2016-05-01,정원 엔하이픈,0
2016-06-01,정원 엔하이픈,0
2016-07-01,정원 엔하이픈,0
2016-08-01,정원 엔하이픈,0
2016-09-01,정원 엔하이픈,0
2016-10-01,정원 엔하이픈,0
2016-11-01,정원 엔하이픈,0
2016-12-01,정원 엔하이픈,0
2017-01-01,정원 엔하이픈,0
2017-02-01,정원 엔하이픈,0
2017-03-01,정원 엔하이픈,0
2017-04-01,정원 엔하이픈,0
2017-05-01,정원 엔하이픈,0
2017-06-01,정원 엔하이픈,0
2017-07-01,정원 엔하이픈,0
2017-08-01,정원 엔하이픈,0
2017-09-01,정원 엔하이픈,0
2017-10-01,정원 엔하이픈,0
2017-11-01,정원 엔하이픈,0
2017-12-01,정원 엔하이픈,0
2018-01-01,정원 엔하이픈,0
2018-02-01,정원 엔하이픈,0
2018-03-01,정원 엔하이픈,0
2018-04-01,정원 엔하이픈,0
2018-05-01,정원 엔하이픈,0
2018-06-01,정원 엔하이픈,0
2018-07-01,정원 엔하이픈,0
2018-08-01,정원 엔하이픈,0
2018-09-01,정원 엔하이픈,0
2018-10-01,정원 엔하이픈,0
2018-11-01,정원 엔하이픈,0
2018-12-01,정원 엔하이픈,0
2019-01-01,정원 엔하이픈,0
2019-02-01,정원 엔하이픈,0
2019-03-01,정원 엔하이픈,0
2019-04-01,정원 엔하이픈,0
2019-05-01,정원 엔하이픈,0
2019-06-01,정원 엔하이픈,0
2019-07-01,정원 엔하이픈,0
2019-08-01,정원 엔하이픈,0
2019-09-01,정원 엔하이픈,0
2019-10-01,정원 엔하이픈,0
2019-11-01,정원 엔하이픈,0
2019-12-01,정원 엔하이픈,0
2020-01-01,정원 엔하이픈,0
2020-02-01,정원 엔하이픈,0
2020-03-01,정원 엔하이픈,0
2020-04-01,정원 엔하이픈,0
2020-05-01,정원 엔하이픈,0
2020-06-01,정원 엔하이픈,0
2020-07-01,정원 엔하이픈,0
2020-08-01,정원 엔하이픈,0
2020-09-01,정원 엔하이픈,0
2020-10-01,정원 엔하이픈,0
2020-11-01,정원 엔하이픈,0
2020-12-01,정원 엔하이픈,0
2021-01-01,정원 엔하이픈,0
2021-02-01,정원 엔하이픈,0
2021-03-01,정원 엔하이픈,0
2021-04-01,정원 엔하이픈,0
2021-05-01,정원 엔하이픈,0
2021-06-01,정원 엔하이픈,0
2021-07-01,정원 엔하이픈,0
2021-08-01,정원 엔하이픈,0
2021-09-01,정원 엔하이픈,0
2021-10-01,정원 엔하이픈,0
2021-11-01,정원 엔하이픈,0
2021-12-01,정원 엔하이픈,0
2022-01-01,정원 엔하이픈,0
2022-02-01,정원 엔하이픈,0
2022-03-01,정원 엔하이픈,0
2022-04-01,정원 엔하이픈,0
2022-05-01,정원 엔하이픈,0
2022-06-01,정원 엔하이픈,0
2022-07-01,정원 엔하이픈,0
2022-08-01,정원 엔하이픈,0
2022-09-01,정원 엔하이픈,0
2022-10-01,정원 엔하이픈,0
2022-11-01,정원 엔하이픈,0
2022-12-01,정원 엔하이픈,0
2023-01-01,정원 엔하이픈,0
2023-02-01,정원 엔하이픈,0
2023-03-01,정원 엔하이픈,0
2023-04-01,정원 엔하이픈,0
2023-05-01,정원 엔하이픈,0
2023-06-01,정원 엔하이픈,0
2023-07-01,정원 엔하이픈,0
2023-08-01,정원 엔하이픈,0
2023-09-01,정원 엔하이픈,0
2023-10-01,정원 엔하이픈,0
2023-11-01,정원 엔하이픈,0
2023-12-01,정원 엔하이픈,0
2024-01-01,정원 엔하이픈,0
2024-02-01,정원 엔하이픈,0
2024-03-01,정원 엔하이픈,0
2024-04-01,정원 엔하이픈,0
2024-05-01,정원 엔하이픈,0
2024-06-01,정원 엔하이픈,0
2024-07-01,정원 엔하이픈,0
2024-08-01,정원 엔하이픈,0
2024-09-01,정원 엔하이픈,0
2024-10-01,정원 엔하이픈,0
2024-11-01,정원 엔하이픈,0
2024-12-01,정원 엔하이픈,0
2025-01-01,정원 엔하이픈,0
2025-02-01,정원 엔하이픈,0
2025-03-01,정원 엔하이픈,0
2025-04-01,정원 엔하이픈,0
2025-05-01,정원 엔하이픈,0
2014-01-01,슈화 (여자)아이들,0
2014-02-01,슈화 (여자)아이들,0
2014-03-01,슈화 (여자)아이들,0
2014-04-01,슈화 (여자)아이들,0
2014-05-01,슈화 (여자)아이들,0
2014-06-01,슈화 (여자)아이들,0
2014-07-01,슈화 (여자)아이들,0
2014-08-01,슈화 (여자)아이들,0
2014-09-01,슈화 (여자)아이들,0
2014-10-01,슈화 (여자)아이들,0
2014-11-01,슈화 (여자)아이들,0
2014-12-01,슈화 (여자)아이들,0
2015-01-01,슈화 (여자)아이들,0
2015-02-01,슈화 (여자)아이들,0
2015-03-01,슈화 (여자)아이들,0
2015-04-01,슈화 (여자)아이들,0
2015-05-01,슈화 (여자)아이들,0
2015-06-01,슈화 (여자)아이들,0
2015-07-01,슈화 (여자)아이들,0
2015-08-01,슈화 (여자)아이들,0
2015-09-01,슈화 (여자)아이들,0
2015-10-01,슈화 (여자)아이들,0
2015-11-01,슈화 (여자)아이들,0
2015-12-01,슈화 (여자)아이들,0
2016-01-01,슈화 (여자)아이들,0
2016-02-01,슈화 (여자)아이들,0
2016-03-01,슈화 (여자)아이들,0
2016-04-01,슈화 (여자)아이들,0
2016-05-01,슈화 (여자)아이들,0
2016-06-01,슈화 (여자)아이들,0
2016-07-01,슈화 (여자)아이들,0
2016-08-01,슈화 (여자)아이들,0
2016-09-01,슈화 (여자)아이들,0
2016-10-01,슈화 (여자)아이들,0
2016-11-01,슈화 (여자)아이들,0
2016-12-01,슈화 (여자)아이들,0
2017-01-01,슈화 (여자)아이들,0
2017-02-01,슈화 (여자)아이들,0
2017-03-01,슈화 (여자)아이들,0
2017-04-01,슈화 (여자)아이들,0
2017-05-01,슈화 (여자)아이들,0
2017-06-01,슈화 (여자)아이들,0
2017-07-01,슈화 (여자)아이들,0
2017-08-01,슈화 (여자)아이들,0
2017-09-01,슈화 (여자)아이들,0
2017-10-01,슈화 (여자)아이들,0
2017-11-01,슈화 (여자)아이들,0
2017-12-01,슈화 (여자)아이들,0
2018-01-01,슈화 (여자)아이들,0
2018-02-01,슈화 (여자)아이들,0
2018-03-01,슈화 (여자)아이들,0
2018-04-01,슈화 (여자)아이들,0
2018-05-01,슈화 (여자)아이들,0
2018-06-01,슈화 (여자)아이들,0
2018-07-01,슈화 (여자)아이들,0
2018-08-01,슈화 (여자)아이들,0
2018-09-01,슈화 (여자)아이들,0
2018-10-01,슈화 (여자)아이들,0
2018-11-01,슈화 (여자)아이들,0
2018-12-01,슈화 (여자)아이들,0
2019-01-01,슈화 (여자)아이들,0
2019-02-01,슈화 (여자)아이들,0
2019-03-01,슈화 (여자)아이들,0
2019-04-01,슈화 (여자)아이들,0
2019-05-01,슈화 (여자)아이들,0
2019-06-01,슈화 (여자)아이들,0
2019-07-01,슈화 (여자)아이들,0
2019-08-01,슈화 (여자)아이들,0
2019-09-01,슈화 (여자)아이들,0
2019-10-01,슈화 (여자)아이들,0
2019-11-01,슈화 (여자)아이들,0
2019-12-01,슈화 (여자)아이들,0
2020-01-01,슈화 (여자)아이들,0
2020-02-01,슈화 (여자)아이들,0
2020-03-01,슈화 (여자)아이들,0
2020-04-01,슈화 (여자)아이들,0
2020-05-01,슈화 (여자)아이들,0
2020-06-01,슈화 (여자)아이들,0
2020-07-01,슈화 (여자)아이들,0
2020-08-01,슈화 (여자)아이들,0
2020-09-01,슈화 (여자)아이들,0
2020-10-01,슈화 (여자)아이들,0
2020-11-01,슈화 (여자)아이들,0
2020-12-01,슈화 (여자)아이들,0
2021-01-01,슈화 (여자)아이들,0
2021-02-01,슈화 (여자)아이들,0
2021-03-01,슈화 (여자)아이들,0
2021-04-01,슈화 (여자)아이들,0
2021-05-01,슈화 (여자)아이들,0
2021-06-01,슈화 (여자)아이들,0
2021-07-01,슈화 (여자)아이들,0
2021-08-01,슈화 (여자)아이들,0
2021-09-01,슈화 (여자)아이들,0
2021-10-01,슈화 (여자)아이들,0
2021-11-01,슈화 (여자)아이들,0
2021-12-01,슈화 (여자)아이들,0
2022-01-01,슈화 (여자)아이들,0
2022-02-01,슈화 (여자)아이들,0
2022-03-01,슈화 (여자)아이들,0
2022-04-01,슈화 (여자)아이들,0
2022-05-01,슈화 (여자)아이들,0
2022-06-01,슈화 (여자)아이들,0
2022-07-01,슈화 (여자)아이들,0
2022-08-01,슈화 (여자)아이들,0
2022-09-01,슈화 (여자)아이들,0
2022-10-01,슈화 (여자)아이들,0
2022-11-01,슈화 (여자)아이들,0
2022-12-01,슈화 (여자)아이들,0
2023-01-01,슈화 (여자)아이들,0
2023-02-01,슈화 (여자)아이들,0
2023-03-01,슈화 (여자)아이들,0
2023-04-01,슈화 (여자)아이들,0
2023-05-01,슈화 (여자)아이들,0
2023-06-01,슈화 (여자)아이들,0
2023-07-01,슈화 (여자)아이들,0
2023-08-01,슈화 (여자)아이들,0
2023-09-01,슈화 (여자)아이들,0
2023-10-01,슈화 (여자)아이들,0
2023-11-01,슈화 (여자)아이들,0
2023-12-01,슈화 (여자)아이들,0
2024-01-01,슈화 (여자)아이들,0
2024-02-01,슈화 (여자)아이들,0
2024-03-01,슈화 (여자)아이들,0
2024-04-01,슈화 (여자)아이들,0
2024-05-01,슈화 (여자)아이들,0
2024-06-01,슈화 (여자)아이들,0
2024-07-01,슈화 (여자)아이들,0
2024-08-01,슈화 (여자)아이들,0
2024-09-01,슈화 (여자)아이들,0
2024-10-01,슈화 (여자)아이들,0
2024-11-01,슈화 (여자)아이들,0
2024-12-01,슈화 (여자)아이들,0
2025-01-01,슈화 (여자)아이들,0
2025-02-01,슈화 (여자)아이들,0
2025-03-01,슈화 (여자)아이들,0
2025-04-01,슈화 (여자)아이들,0
2025-05-01,슈화 (여자)아이들,0
2014-01-01,윤제문,0
2014-02-01,윤제문,0
2014-03-01,윤제문,0
2014-04-01,윤제문,0
2014-05-01,윤제문,0
2014-06-01,윤제문,0
2014-07-01,윤제문,0
2014-08-01,윤제문,0
2014-09-01,윤제문,0
2014-10-01,윤제문,0
2014-11-01,윤제문,0
2014-12-01,윤제문,0
2015-01-01,윤제문,0
2015-02-01,윤제문,0
2015-03-01,윤제문,0
2015-04-01,윤제문,0
2015-05-01,윤제문,0
2015-06-01,윤제문,0
2015-07-01,윤제문,0
2015-08-01,윤제문,0
2015-09-01,윤제문,0
2015-10-01,윤제문,0
2015-11-01,윤제문,0
2015-12-01,윤제문,0
2016-01-01,윤제문,0
2016-02-01,윤제문,0
2016-03-01,윤제문,0
2016-04-01,윤제문,0
2016-05-01,윤제문,0
2016-06-01,윤제문,0
2016-07-01,윤제문,0
2016-08-01,윤제문,0
2016-09-01,윤제문,0
2016-10-01,윤제문,0
2016-11-01,윤제문,0
2016-12-01,윤제문,0
2017-01-01,윤제문,0
2017-02-01,윤제문,0
2017-03-01,윤제문,0
2017-04-01,윤제문,0
2017-05-01,윤제문,0
2017-06-01,윤제문,0
2017-07-01,윤제문,0
2017-08-01,윤제문,0
2017-09-01,윤제문,0
2017-10-01,윤제문,0
2017-11-01,윤제문,0
2017-12-01,윤제문,0
2018-01-01,윤제문,0
2018-02-01,윤제문,0
2018-03-01,윤제문,0
2018-04-01,윤제문,0
2018-05-01,윤제문,0
2018-06-01,윤제문,0
2018-07-01,윤제문,0
2018-08-01,윤제문,0
2018-09-01,윤제문,0
2018-10-01,윤제문,0
2018-11-01,윤제문,0
2018-12-01,윤제문,0
2019-01-01,윤제문,0
2019-02-01,윤제문,0
2019-03-01,윤제문,0
2019-04-01,윤제문,0
2019-05-01,윤제문,0
2019-06-01,윤제문,0
2019-07-01,윤제문,0
2019-08-01,윤제문,0
2019-09-01,윤제문,0
2019-10-01,윤제문,0
2019-11-01,윤제문,0
2019-12-01,윤제문,0
2020-01-01,윤제문,0
2020-02-01,윤제문,0
2020-03-01,윤제문,0
2020-04-01,윤제문,0
2020-05-01,윤제문,0
2020-06-01,윤제문,0
2020-07-01,윤제문,0
2020-08-01,윤제문,0
2020-09-01,윤제문,0
2020-10-01,윤제문,0
2020-11-01,윤제문,0
2020-12-01,윤제문,0
2021-01-01,윤제문,0
2021-02-01,윤제문,0
2021-03-01,윤제문,0
2021-04-01,윤제문,0
2021-05-01,윤제문,0
2021-06-01,윤제문,0
2021-07-01,윤제문,0
2021-08-01,윤제문,0
2021-09-01,윤제문,0
2021-10-01,윤제문,0
2021-11-01,윤제문,0
2021-12-01,윤제문,0
2022-01-01,윤제문,0
2022-02-01,윤제문,0
2022-03-01,윤제문,0
2022-04-01,윤제문,0
2022-05-01,윤제문,0
2022-06-01,윤제문,0
2022-07-01,윤제문,0
2022-08-01,윤제문,0
2022-09-01,윤제문,0
2022-10-01,윤제문,0
2022-11-01,윤제문,0
2022-12-01,윤제문,0
2023-01-01,윤제문,0
2023-02-01,윤제문,0
2023-03-01,윤제문,0
2023-04-01,윤제문,0
2023-05-01,윤제문,0
2023-06-01,윤제문,0
2023-07-01,윤제문,0
2023-08-01,윤제문,0
2023-09-01,윤제문,0
2023-10-01,윤제문,0
2023-11-01,윤제문,0
2023-12-01,윤제문,0
2024-01-01,윤제문,0
2024-02-01,윤제문,0
2024-03-01,윤제문,0
2024-04-01,윤제문,0
2024-05-01,윤제문,0
2024-06-01,윤제문,0
2024-07-01,윤제문,0
2024-08-01,윤제문,0
2024-09-01,윤제문,0
2024-10-01,윤제문,0
2024-11-01,윤제문,0
2024-12-01,윤제문,0
2025-01-01,윤제문,0
2025-02-01,윤제문,0
2025-03-01,윤제문,0
2025-04-01,윤제문,0
2025-05-01,윤제문,0
